Longitude, latitude

0.627063, 41.614557
0.627543, 41.615062
0.627580, 41.615101
0.627847, 41.615397
0.628019, 41.615317
0.627908, 41.615195
0.627684, 41.614939
0.627818, 41.614871
0.629325, 41.614145
0.629382, 41.614109
0.629709, 41.614427
0.630155, 41.614582
0.631258, 41.614873
0.632932, 41.615291
0.633636, 41.615705
0.633819, 41.615469
0.634019, 41.615155
0.634117, 41.615178
0.634207, 41.615152
0.634255, 41.615103
0.635546, 41.615278
0.635958, 41.615333
0.637813, 41.615579
0.637939, 41.615620
0.639084, 41.615758
0.639884, 41.615684
0.641288, 41.615306
0.641760, 41.615148
0.642002, 41.615437
0.643029, 41.615286
0.644749, 41.614883
0.647226, 41.614313
0.647258, 41.614540
0.647031, 41.614727
0.647494, 41.616061
0.647582, 41.616065
0.647650, 41.616097
0.647697, 41.616112
0.647688, 41.616217
0.649847, 41.615804
0.649938, 41.615885
0.650046, 41.615910
0.650292, 41.616052
0.650865, 41.616773
0.650941, 41.616704
0.651366, 41.616387
0.651936, 41.616194
0.652578, 41.615990
0.653155, 41.615911
0.653599, 41.615921
0.654334, 41.615980
0.655241, 41.616141
0.656281, 41.616502
0.659952, 41.617717
0.662800, 41.618782
0.664835, 41.619363
0.665768, 41.619560
0.669593, 41.620214
0.679529, 41.620841
0.682094, 41.621112
0.684914, 41.621711
0.693657, 41.624282
0.695946, 41.624911
0.697433, 41.625218
0.698851, 41.625446
0.699163, 41.625471
0.703399, 41.625816
0.719083, 41.627132
0.727217, 41.627820
0.736521, 41.628586
0.736902, 41.628617
0.745943, 41.629366
0.750815, 41.629744
0.755454, 41.630129
0.760440, 41.630521
0.765136, 41.630928
0.769480, 41.631264
0.776081, 41.631814
0.779067, 41.631836
0.784464, 41.631422
0.786903, 41.631302
0.791949, 41.630130
0.795869, 41.629031
0.805951, 41.629581
0.817470, 41.631031
0.829959, 41.631265
0.846320, 41.630645
0.882894, 41.631381
0.885392, 41.631479
0.893938, 41.631842
0.895808, 41.631945
0.897795, 41.632038
0.908981, 41.633338
0.917974, 41.634339
0.920706, 41.634726
0.923645, 41.635015
0.926907, 41.635207
0.929525, 41.635421
0.931854, 41.635837
0.937416, 41.637876
0.943432, 41.638162
0.953571, 41.638086
0.965815, 41.637682
0.973172, 41.636913
0.980450, 41.635814
0.988260, 41.634767
0.994859, 41.633883
1.001869, 41.633659
1.004835, 41.633322
1.009042, 41.632919
1.013447, 41.632590
1.015646, 41.632705
1.017072, 41.632828
1.024477, 41.634432
1.028704, 41.635337
1.038333, 41.637415
1.067187, 41.643675
1.067997, 41.643852
1.098559, 41.650538
1.115358, 41.654235
1.118276, 41.654637
1.120214, 41.654630
1.121616, 41.654464
1.123339, 41.654078
1.124654, 41.653660
1.126219, 41.652937
1.128366, 41.651720
1.129760, 41.650914
1.130726, 41.650373
1.131562, 41.650016
1.132571, 41.649677
1.133785, 41.649484
1.135602, 41.649425
1.135625, 41.649367
1.136386, 41.649291
1.137242, 41.649550
1.137707, 41.649691
1.138961, 41.650066
1.139490, 41.650278
1.139756, 41.650385
1.141354, 41.650703
1.143113, 41.651068
1.143836, 41.651191
1.144108, 41.651132
1.144375, 41.651283
1.144806, 41.651414
1.145479, 41.651619
1.146202, 41.651842
1.147176, 41.652141
1.147525, 41.652388
1.147560, 41.652425
1.147604, 41.652489
1.147768, 41.652595
1.147962, 41.652636
1.148140, 41.652615
1.148272, 41.652596
1.148657, 41.652595
1.150025, 41.652986
1.150222, 41.653042
1.152119, 41.653583
1.155546, 41.654415
1.156750, 41.654769
1.157821, 41.655104
1.158603, 41.655329
1.158843, 41.655399
1.159066, 41.655461
1.159202, 41.655499
1.160727, 41.655922
1.161278, 41.656078
1.162416, 41.656392
1.163358, 41.656938
1.163938, 41.657326
1.164611, 41.657628
1.165382, 41.657801
1.166211, 41.657851
1.166907, 41.657778
1.168179, 41.657544
1.169574, 41.657571
1.174369, 41.658387
1.179156, 41.658940
1.183606, 41.659577
1.188106, 41.660722
1.192830, 41.661535
1.197431, 41.662307
1.202024, 41.662991
1.206114, 41.664220
1.210439, 41.665712
1.214848, 41.667079
1.216033, 41.667469
1.217218, 41.667896
1.219190, 41.668626
1.220106, 41.669065
1.220950, 41.669506
1.222549, 41.670614
1.224009, 41.671829
1.225277, 41.673205
1.228097, 41.676938
1.231037, 41.679462
1.234405, 41.681081
1.238357, 41.681861
1.240570, 41.682107
1.242389, 41.682698
1.245969, 41.683801
1.246749, 41.684042
1.247870, 41.684236
1.249050, 41.684437
1.251779, 41.684894
1.252419, 41.685001
1.255653, 41.685892
1.257951, 41.686857
1.259626, 41.687345
1.262097, 41.687592
1.265502, 41.687072
1.267084, 41.686530
1.268733, 41.686113
1.269957, 41.685891
1.270977, 41.685736
1.272326, 41.685615
1.274273, 41.685563
1.275052, 41.685534
1.275608, 41.685487
1.276273, 41.685410
1.277188, 41.685240
1.278106, 41.685018
1.279168, 41.684725
1.280231, 41.684453
1.281070, 41.684325
1.282213, 41.684214
1.284114, 41.684114
1.284871, 41.684064
1.285063, 41.684050
1.286415, 41.683974
1.287216, 41.683922
1.288766, 41.683837
1.291928, 41.683649
1.294700, 41.683487
1.296517, 41.683376
1.297082, 41.683349
1.297897, 41.683336
1.298611, 41.683357
1.299256, 41.683425
1.299901, 41.683521
1.300457, 41.683636
1.301157, 41.683831
1.301840, 41.684079
1.302483, 41.684368
1.303152, 41.684722
1.303741, 41.685122
1.304262, 41.685518
1.305396, 41.686482
1.308048, 41.688766
1.309176, 41.689721
1.309602, 41.690060
1.310032, 41.690361
1.310575, 41.690694
1.311085, 41.690955
1.311624, 41.691200
1.312287, 41.691449
1.313011, 41.691660
1.313797, 41.691826
1.314663, 41.691942
1.315531, 41.692004
1.316217, 41.692007
1.323775, 41.691851
1.328444, 41.691747
1.329219, 41.691734
1.335179, 41.691602
1.338583, 41.691533
1.339472, 41.691528
1.340202, 41.691573
1.340872, 41.691657
1.341472, 41.691769
1.342100, 41.691937
1.342747, 41.692145
1.343399, 41.692418
1.344013, 41.692728
1.344662, 41.693128
1.345023, 41.693356
1.345386, 41.693679
1.345707, 41.693965
1.345972, 41.694227
1.346258, 41.694536
1.346567, 41.694946
1.347027, 41.695692
1.347195, 41.696049
1.347375, 41.696420
1.347517, 41.696764
1.347687, 41.697239
1.347987, 41.697918
1.348267, 41.698480
1.348671, 41.699167
1.349070, 41.699767
1.349552, 41.700411
1.349953, 41.700907
1.350282, 41.701272
1.350767, 41.701772
1.351237, 41.702207
1.351794, 41.702698
1.352241, 41.703052
1.355023, 41.705140
1.355801, 41.705791
1.356672, 41.706607
1.357411, 41.707382
1.358075, 41.708169
1.358629, 41.708894
1.359058, 41.709521
1.359436, 41.710116
1.359836, 41.710851
1.360209, 41.711601
1.360883, 41.713030
1.361234, 41.713760
1.361596, 41.714439
1.362002, 41.715126
1.362437, 41.715793
1.362784, 41.716280
1.363205, 41.716820
1.363655, 41.717359
1.364108, 41.717865
1.364698, 41.718461
1.365330, 41.719056
1.366031, 41.719654
1.366643, 41.720146
1.367379, 41.720682
1.368102, 41.721171
1.368955, 41.721694
1.369627, 41.722076
1.370354, 41.722460
1.371141, 41.722835
1.372059, 41.723238
1.372757, 41.723523
1.373513, 41.723803
1.374434, 41.724125
1.375560, 41.724499
1.376259, 41.724733
1.376852, 41.724953
1.377424, 41.725180
1.378105, 41.725497
1.378620, 41.725765
1.379037, 41.725994
1.379510, 41.726275
1.379974, 41.726585
1.380568, 41.727008
1.381106, 41.727450
1.381706, 41.727997
1.382041, 41.728348
1.382445, 41.728765
1.382961, 41.729315
1.383516, 41.729884
1.383967, 41.730269
1.384276, 41.730494
1.384894, 41.730895
1.385520, 41.731231
1.386032, 41.731468
1.386581, 41.731692
1.387262, 41.731921
1.387461, 41.731983
1.388665, 41.732299
1.390196, 41.732659
1.391445, 41.732934
1.393173, 41.733277
1.394724, 41.733543
1.395790, 41.733698
1.396469, 41.733769
1.397299, 41.733819
1.398059, 41.733832
1.398820, 41.733809
1.399590, 41.733755
1.400645, 41.733654
1.402477, 41.733489
1.403336, 41.733438
1.404248, 41.733415
1.405150, 41.733418
1.406263, 41.733463
1.407248, 41.733548
1.408005, 41.733626
1.408717, 41.733727
1.409507, 41.733846
1.410344, 41.734010
1.411196, 41.734201
1.412122, 41.734450
1.413150, 41.734758
1.414509, 41.735245
1.416139, 41.735912
1.417399, 41.736437
1.418391, 41.736779
1.419435, 41.737077
1.420099, 41.737218
1.420811, 41.737340
1.421770, 41.737447
1.422694, 41.737504
1.423668, 41.737492
1.424611, 41.737433
1.425476, 41.737331
1.426508, 41.737134
1.427425, 41.736895
1.428617, 41.736522
1.429560, 41.736168
1.430306, 41.735888
1.431147, 41.735567
1.431920, 41.735285
1.432665, 41.735069
1.433369, 41.734913
1.434129, 41.734794
1.434785, 41.734749
1.435517, 41.734737
1.436276, 41.734759
1.436970, 41.734828
1.437797, 41.734966
1.438561, 41.735152
1.439388, 41.735405
1.440335, 41.735713
1.441310, 41.736011
1.442081, 41.736192
1.442936, 41.736342
1.443757, 41.736443
1.444613, 41.736495
1.445667, 41.736502
1.446403, 41.736463
1.447284, 41.736382
1.448102, 41.736256
1.449155, 41.736063
1.449979, 41.735921
1.450513, 41.735853
1.451102, 41.735819
1.451777, 41.735799
1.452399, 41.735815
1.453140, 41.735886
1.454092, 41.736053
1.455027, 41.736281
1.455786, 41.736542
1.456450, 41.736824
1.458164, 41.737595
1.459788, 41.738329
1.461502, 41.739106
1.462476, 41.739539
1.463137, 41.739786
1.463847, 41.739985
1.464544, 41.740133
1.465342, 41.740218
1.465949, 41.740257
1.466548, 41.740261
1.467088, 41.740235
1.467708, 41.740167
1.468315, 41.740065
1.468956, 41.739922
1.469650, 41.739731
1.470405, 41.739488
1.471325, 41.739134
1.473064, 41.738371
1.473554, 41.738184
1.474160, 41.737999
1.474652, 41.737878
1.475286, 41.737766
1.475877, 41.737704
1.476569, 41.737671
1.477221, 41.737634
1.477759, 41.737596
1.478392, 41.737506
1.478983, 41.737377
1.479523, 41.737226
1.480122, 41.737020
1.480725, 41.736793
1.481118, 41.736648
1.481530, 41.736512
1.481870, 41.736422
1.482185, 41.736347
1.482721, 41.736243
1.483399, 41.736137
1.484358, 41.736042
1.484876, 41.735976
1.485393, 41.735878
1.485874, 41.735766
1.486329, 41.735640
1.487105, 41.735353
1.487727, 41.735065
1.488482, 41.734629
1.489377, 41.734025
1.489828, 41.733757
1.490279, 41.733513
1.490762, 41.733292
1.491269, 41.733105
1.491901, 41.732903
1.492517, 41.732752
1.493148, 41.732649
1.493896, 41.732563
1.494579, 41.732549
1.495375, 41.732574
1.496023, 41.732646
1.496681, 41.732757
1.497307, 41.732915
1.497901, 41.733096
1.498912, 41.733500
1.499583, 41.733817
1.500216, 41.734149
1.500756, 41.734466
1.501203, 41.734755
1.501579, 41.735008
1.502050, 41.735358
1.502588, 41.735810
1.503081, 41.736280
1.503861, 41.737022
1.504214, 41.737335
1.504556, 41.737598
1.504993, 41.737888
1.505528, 41.738182
1.505943, 41.738380
1.506439, 41.738575
1.506995, 41.738754
1.507511, 41.738884
1.508059, 41.738988
1.508714, 41.739082
1.510360, 41.739252
1.513006, 41.739541
1.515222, 41.739780
1.516037, 41.739833
1.516739, 41.739830
1.517435, 41.739776
1.518176, 41.739650
1.518823, 41.739501
1.519455, 41.739290
1.519885, 41.739126
1.520023, 41.739059
1.520687, 41.738719
1.522110, 41.737860
1.522537, 41.737631
1.523013, 41.737414
1.523628, 41.737173
1.524177, 41.737001
1.524805, 41.736861
1.525423, 41.736768
1.526109, 41.736693
1.526932, 41.736636
1.527863, 41.736619
1.528029, 41.736619
1.528950, 41.736605
1.529723, 41.736591
1.530232, 41.736563
1.530747, 41.736528
1.531361, 41.736462
1.532150, 41.736368
1.532508, 41.736296
1.533045, 41.736159
1.533538, 41.735993
1.533990, 41.735778
1.534501, 41.735492
1.535060, 41.735158
1.535441, 41.734873
1.536042, 41.734390
1.536163, 41.734302
1.536375, 41.734122
1.536791, 41.733852
1.537178, 41.733629
1.537468, 41.733489
1.537830, 41.733321
1.538386, 41.733115
1.539034, 41.732925
1.539346, 41.732848
1.539908, 41.732714
1.540440, 41.732580
1.540953, 41.732420
1.541350, 41.732266
1.541794, 41.732054
1.542248, 41.731774
1.542671, 41.731476
1.543090, 41.731155
1.543638, 41.730778
1.544020, 41.730561
1.544345, 41.730407
1.544831, 41.730214
1.545355, 41.730060
1.545835, 41.729958
1.546418, 41.729866
1.546800, 41.729841
1.547120, 41.729839
1.547525, 41.729850
1.547913, 41.729885
1.548484, 41.729977
1.549031, 41.730112
1.549504, 41.730269
1.550010, 41.730487
1.550469, 41.730734
1.551032, 41.731054
1.551425, 41.731269
1.551746, 41.731429
1.552144, 41.731589
1.552739, 41.731793
1.553255, 41.731906
1.553621, 41.731962
1.554139, 41.732011
1.554666, 41.732022
1.555149, 41.731997
1.555626, 41.731942
1.556322, 41.731837
1.556763, 41.731774
1.557082, 41.731741
1.557383, 41.731719
1.557752, 41.731708
1.558234, 41.731720
1.558661, 41.731759
1.559065, 41.731827
1.559343, 41.731889
1.559730, 41.731984
1.560196, 41.732144
1.560562, 41.732304
1.560798, 41.732412
1.561266, 41.732677
1.561713, 41.733004
1.561959, 41.733221
1.562213, 41.733473
1.562502, 41.733823
1.562716, 41.734163
1.562798, 41.734300
1.563037, 41.734768
1.563266, 41.735180
1.563495, 41.735530
1.563879, 41.735980
1.564171, 41.736236
1.564550, 41.736530
1.564915, 41.736764
1.565245, 41.736950
1.565747, 41.737206
1.566521, 41.737592
1.567293, 41.737996
1.567894, 41.738360
1.568459, 41.738767
1.569000, 41.739219
1.569564, 41.739735
1.569999, 41.740144
1.570503, 41.740601
1.571001, 41.741007
1.571502, 41.741383
1.572083, 41.741796
1.572826, 41.742320
1.573406, 41.742763
1.573949, 41.743215
1.574631, 41.743841
1.575065, 41.744211
1.575431, 41.744464
1.575759, 41.744655
1.575904, 41.744730
1.576235, 41.744884
1.576518, 41.745002
1.576965, 41.745156
1.577510, 41.745292
1.577988, 41.745376
1.578527, 41.745425
1.579086, 41.745447
1.580134, 41.745433
1.580862, 41.745442
1.581798, 41.745511
1.582566, 41.745616
1.583207, 41.745729
1.583654, 41.745817
1.584729, 41.746027
1.585270, 41.746092
1.585839, 41.746111
1.586394, 41.746098
1.586797, 41.746056
1.587154, 41.745999
1.587465, 41.745933
1.588008, 41.745796
1.588544, 41.745591
1.589039, 41.745348
1.589393, 41.745147
1.589865, 41.744798
1.590581, 41.744217
1.591013, 41.743900
1.591398, 41.743665
1.591914, 41.743414
1.592389, 41.743232
1.592944, 41.743045
1.593611, 41.742826
1.597047, 41.741704
1.599367, 41.740941
1.602553, 41.739894
1.603091, 41.739743
1.603584, 41.739643
1.604078, 41.739577
1.604441, 41.739555
1.604818, 41.739549
1.605334, 41.739571
1.606024, 41.739589
1.606339, 41.739588
1.606787, 41.739574
1.607402, 41.739509
1.607894, 41.739414
1.608558, 41.739311
1.609060, 41.739255
1.609515, 41.739235
1.610062, 41.739239
1.610409, 41.739266
1.610807, 41.739311
1.611390, 41.739385
1.611889, 41.739431
1.612404, 41.739447
1.612948, 41.739428
1.613422, 41.739365
1.614032, 41.739264
1.614681, 41.739157
1.615175, 41.739116
1.615541, 41.739090
1.616127, 41.739074
1.616977, 41.739058
1.617319, 41.739036
1.617632, 41.739003
1.618010, 41.738945
1.618258, 41.738894
1.618767, 41.738771
1.619324, 41.738621
1.619894, 41.738444
1.620546, 41.738217
1.621713, 41.737744
1.622371, 41.737474
1.622676, 41.737354
1.623007, 41.737256
1.623356, 41.737164
1.623897, 41.737059
1.624156, 41.737028
1.624449, 41.737002
1.624826, 41.736985
1.625214, 41.736987
1.625622, 41.737014
1.626153, 41.737081
1.627086, 41.737236
1.627764, 41.737340
1.628345, 41.737432
1.629005, 41.737523
1.629630, 41.737573
1.630276, 41.737571
1.631024, 41.737510
1.631591, 41.737411
1.632035, 41.737308
1.632701, 41.737093
1.633336, 41.736832
1.634370, 41.736391
1.635370, 41.735972
1.635985, 41.735697
1.636502, 41.735405
1.636895, 41.735138
1.637235, 41.734878
1.637651, 41.734442
1.637970, 41.734128
1.638129, 41.733988
1.638497, 41.733688
1.638812, 41.733484
1.639185, 41.733263
1.639536, 41.733094
1.639833, 41.732971
1.640177, 41.732856
1.640746, 41.732698
1.641357, 41.732544
1.642053, 41.732337
1.642753, 41.732070
1.643438, 41.731791
1.644080, 41.731572
1.644633, 41.731450
1.645230, 41.731360
1.645978, 41.731337
1.646588, 41.731363
1.647275, 41.731462
1.647766, 41.731581
1.648315, 41.731750
1.649161, 41.732061
1.649681, 41.732238
1.650323, 41.732391
1.650841, 41.732469
1.651203, 41.732504
1.651605, 41.732521
1.652230, 41.732504
1.652780, 41.732436
1.653229, 41.732343
1.653647, 41.732246
1.654128, 41.732081
1.654823, 41.731794
1.655665, 41.731466
1.656106, 41.731317
1.656491, 41.731202
1.656925, 41.731089
1.657575, 41.730966
1.658237, 41.730919
1.658861, 41.730895
1.659577, 41.730936
1.660307, 41.731048
1.661010, 41.731217
1.661914, 41.731502
1.663807, 41.732051
1.665335, 41.732469
1.665893, 41.732586
1.666627, 41.732695
1.667185, 41.732718
1.667811, 41.732701
1.668150, 41.732659
1.668647, 41.732570
1.669256, 41.732424
1.669798, 41.732280
1.670587, 41.732106
1.671088, 41.732024
1.671699, 41.731978
1.672240, 41.731980
1.672583, 41.732000
1.673002, 41.732046
1.673493, 41.732127
1.674046, 41.732248
1.674641, 41.732422
1.675397, 41.732711
1.676691, 41.733316
1.677293, 41.733556
1.677854, 41.733741
1.678701, 41.733948
1.679344, 41.734073
1.679924, 41.734179
1.681191, 41.734417
1.685722, 41.735276
1.686336, 41.735358
1.686836, 41.735393
1.687404, 41.735395
1.688080, 41.735329
1.688725, 41.735201
1.689391, 41.735009
1.690411, 41.734660
1.691230, 41.734390
1.691561, 41.734298
1.692103, 41.734154
1.692792, 41.733999
1.693255, 41.733911
1.693729, 41.733851
1.694339, 41.733818
1.694756, 41.733837
1.694941, 41.733851
1.695468, 41.733922
1.696041, 41.734046
1.696416, 41.734172
1.696959, 41.734399
1.697241, 41.734544
1.697523, 41.734723
1.697953, 41.735031
1.698546, 41.735471
1.698894, 41.735716
1.699384, 41.736013
1.699879, 41.736267
1.700333, 41.736474
1.701075, 41.736800
1.701896, 41.737120
1.702622, 41.737395
1.703059, 41.737564
1.703807, 41.737801
1.704201, 41.737910
1.705137, 41.738126
1.706020, 41.738310
1.707050, 41.738484
1.707919, 41.738588
1.708861, 41.738659
1.709877, 41.738703
1.710613, 41.738678
1.711446, 41.738598
1.712257, 41.738477
1.712943, 41.738341
1.713643, 41.738163
1.714341, 41.737961
1.714820, 41.737801
1.715550, 41.737520
1.716361, 41.737173
1.717407, 41.736672
1.718708, 41.736012
1.720477, 41.735087
1.721674, 41.734441
1.722362, 41.734091
1.723548, 41.733474
1.725364, 41.732537
1.726034, 41.732231
1.726717, 41.731948
1.727443, 41.731692
1.728144, 41.731469
1.728740, 41.731315
1.729408, 41.731165
1.730073, 41.731064
1.730790, 41.731017
1.731481, 41.731015
1.731986, 41.731049
1.732697, 41.731136
1.733442, 41.731292
1.734139, 41.731501
1.734921, 41.731798
1.735606, 41.732066
1.736149, 41.732239
1.736687, 41.732369
1.737213, 41.732442
1.737681, 41.732477
1.738427, 41.732491
1.739383, 41.732510
1.741995, 41.732551
1.742509, 41.732552
1.742993, 41.732521
1.743492, 41.732459
1.743999, 41.732356
1.744404, 41.732241
1.744685, 41.732151
1.745272, 41.731929
1.745773, 41.731721
1.746433, 41.731490
1.747033, 41.731341
1.747492, 41.731271
1.747948, 41.731227
1.748608, 41.731220
1.749357, 41.731260
1.749817, 41.731335
1.750245, 41.731426
1.750988, 41.731583
1.751369, 41.731653
1.751859, 41.731709
1.752306, 41.731728
1.753011, 41.731713
1.753546, 41.731653
1.754001, 41.731564
1.754498, 41.731444
1.755405, 41.731187
1.756013, 41.731015
1.756795, 41.730856
1.757390, 41.730776
1.757978, 41.730724
1.758905, 41.730670
1.760018, 41.730609
1.761594, 41.730514
1.762260, 41.730483
1.762820, 41.730483
1.763410, 41.730522
1.763955, 41.730605
1.764498, 41.730741
1.764934, 41.730877
1.765406, 41.731074
1.765915, 41.731344
1.766295, 41.731580
1.766688, 41.731890
1.767047, 41.732250
1.767756, 41.732990
1.768323, 41.733571
1.769026, 41.734296
1.769775, 41.735055
1.770174, 41.735394
1.770681, 41.735726
1.771217, 41.736002
1.771790, 41.736221
1.772412, 41.736405
1.773072, 41.736523
1.773615, 41.736570
1.774215, 41.736582
1.774746, 41.736544
1.775422, 41.736444
1.775973, 41.736306
1.776528, 41.736116
1.777177, 41.735825
1.779539, 41.734651
1.781125, 41.733845
1.782770, 41.733044
1.783393, 41.732735
1.785660, 41.731611
1.786777, 41.731057
1.788567, 41.730170
1.789767, 41.729581
1.790270, 41.729393
1.790736, 41.729248
1.790898, 41.729207
1.791335, 41.729115
1.791841, 41.729048
1.792320, 41.729020
1.792822, 41.729026
1.793394, 41.729068
1.794687, 41.729282
1.796614, 41.729593
1.797983, 41.729790
1.798573, 41.729931
1.799329, 41.730120
1.799700, 41.730262
1.800053, 41.730406
1.800392, 41.730586
1.800730, 41.730795
1.801084, 41.731057
1.801407, 41.731342
1.801936, 41.731962
1.802131, 41.732280
1.802215, 41.732428
1.802408, 41.732802
1.802687, 41.733547
1.802922, 41.734036
1.803006, 41.734188
1.803153, 41.734400
1.803357, 41.734687
1.803588, 41.734933
1.803856, 41.735202
1.804180, 41.735504
1.804515, 41.735788
1.804945, 41.736150
1.805463, 41.736523
1.806244, 41.737067
1.806732, 41.737368
1.807243, 41.737703
1.807427, 41.737817
1.807666, 41.737975
1.808137, 41.738262
1.808636, 41.738545
1.808817, 41.738632
1.809169, 41.738782
1.809588, 41.738942
1.809786, 41.739004
1.810358, 41.739155
1.811150, 41.739323
1.811881, 41.739442
1.812567, 41.739564
1.814518, 41.739893
1.816691, 41.740244
1.817816, 41.740303
1.818910, 41.740286
1.819701, 41.740311
1.820264, 41.740384
1.820773, 41.740484
1.821432, 41.740696
1.821992, 41.740920
1.822628, 41.741197
1.825110, 41.742322
1.826047, 41.742713
1.828295, 41.743693
1.829277, 41.744134
1.830059, 41.744537
1.830681, 41.744927
1.831309, 41.745360
1.831817, 41.745746
1.832470, 41.746348
1.833200, 41.747147
1.833791, 41.747785
1.834145, 41.748115
1.834585, 41.748480
1.835117, 41.748883
1.835627, 41.749199
1.836284, 41.749550
1.836660, 41.749717
1.837036, 41.749880
1.837592, 41.750079
1.838297, 41.750312
1.838838, 41.750479
1.839346, 41.750633
1.840041, 41.750846
1.841266, 41.751258
1.842602, 41.751779
1.843064, 41.751970
1.843353, 41.752066
1.844112, 41.752423
1.844472, 41.752603
1.844943, 41.752849
1.845442, 41.753105
1.845863, 41.753317
1.846254, 41.753529
1.846990, 41.753887
1.847724, 41.754178
1.849367, 41.754721
1.851328, 41.755177
1.852681, 41.755581
1.854135, 41.756391
1.857706, 41.758783
1.861368, 41.760981
1.862582, 41.761601
1.864454, 41.762347
1.866553, 41.763169
1.867628, 41.763890
1.868539, 41.764965
1.869449, 41.766318
1.874921, 41.772928
1.875114, 41.773161
1.876096, 41.774347
1.876278, 41.774567
1.876385, 41.774697
1.876750, 41.775088
1.876995, 41.775351
1.877991, 41.776533
1.878722, 41.777239
1.879448, 41.777771
1.880288, 41.778227
1.880434, 41.778301
1.880724, 41.778435
1.881370, 41.778658
1.882428, 41.779031
1.883619, 41.779367
1.884408, 41.779613
1.885170, 41.779809
1.886004, 41.779939
1.886343, 41.779956
1.886758, 41.779971
1.887313, 41.779966
1.887510, 41.779946
1.888268, 41.779854
1.889819, 41.779573
1.890597, 41.779478
1.891247, 41.779483
1.892836, 41.779536
1.894414, 41.779602
1.898361, 41.779857
1.900729, 41.780276
1.904103, 41.781586
1.907099, 41.783698
1.917958, 41.793905
1.919211, 41.794787
1.920480, 41.795489
1.924043, 41.796843
1.924818, 41.797095
1.925328, 41.797424
1.927199, 41.798560
1.927980, 41.799293
1.928693, 41.800140
1.929344, 41.800981
1.929973, 41.801793
1.930697, 41.802709
1.930915, 41.802907
1.931069, 41.803060
1.931430, 41.803419
1.932465, 41.804281
1.933556, 41.805007
1.935647, 41.806112
1.938139, 41.806975
1.940889, 41.807659
1.950649, 41.809856
1.957032, 41.811294
1.961018, 41.812280
1.962290, 41.812729
1.963413, 41.813372
1.964657, 41.814545
1.965397, 41.815850
1.966110, 41.818442
1.966783, 41.823519
1.967017, 41.825854
1.967464, 41.827690
1.968065, 41.828828
1.969067, 41.830124
1.969910, 41.830951
1.970702, 41.831562
1.971522, 41.832036
1.972645, 41.832740
1.976453, 41.834718
1.979291, 41.837033
1.981454, 41.839529
1.982528, 41.841769
1.982805, 41.843471
1.982636, 41.845527
1.982161, 41.847711
1.981943, 41.849566
1.982124, 41.851381
1.982800, 41.852697
1.983018, 41.852956
1.983279, 41.853268
1.984199, 41.854162
1.984890, 41.854778
1.985103, 41.854934
1.985256, 41.855039
1.986441, 41.855634
1.987844, 41.856187
1.989164, 41.856411
1.989849, 41.856528
1.992346, 41.857014
1.994294, 41.857621
1.995324, 41.858228
1.996884, 41.859668
1.997581, 41.860972
1.998488, 41.862047
1.999863, 41.863205
2.002562, 41.864554
2.003486, 41.865209
2.004199, 41.865958
2.005833, 41.867540
2.008198, 41.868913
2.011999, 41.871034
2.013662, 41.872194
2.013848, 41.872323
2.014310, 41.872646
2.015991, 41.874085
2.016187, 41.874259
2.018298, 41.876056
2.020217, 41.877263
2.024198, 41.879379
2.025960, 41.880151
2.027864, 41.880804
2.029994, 41.881362
2.031313, 41.881917
2.033118, 41.882834
2.035018, 41.883555
2.037254, 41.884001
2.039396, 41.884255
2.040961, 41.884446
2.042383, 41.884682
2.043325, 41.884928
2.044951, 41.885442
2.046976, 41.886181
2.049103, 41.887044
2.049268, 41.887111
2.051886, 41.887942
2.057735, 41.889184
2.060498, 41.889795
2.063143, 41.890672
2.067207, 41.892823
2.068393, 41.893318
2.069394, 41.893621
2.071674, 41.894072
2.073344, 41.894501
2.074526, 41.895000
2.075421, 41.895481
2.077579, 41.896896
2.078643, 41.897432
2.080363, 41.897972
2.084593, 41.899375
2.085544, 41.899854
2.087042, 41.900609
2.087922, 41.901053
2.089881, 41.901766
2.090963, 41.902101
2.091439, 41.902242
2.092802, 41.902496
2.094715, 41.902772
2.103630, 41.903473
2.105578, 41.903864
2.108328, 41.905031
2.110517, 41.906190
2.112708, 41.907066
2.115585, 41.907589
2.116798, 41.907992
2.117895, 41.908487
2.119810, 41.909861
2.121848, 41.910853
2.123632, 41.911163
2.125081, 41.911278
2.127896, 41.911275
2.129485, 41.911668
2.130945, 41.912494
2.131740, 41.913409
2.133057, 41.914399
2.134437, 41.915210
2.135773, 41.916279
2.136434, 41.917034
2.137165, 41.917830
2.137729, 41.918667
2.138589, 41.920022
2.139022, 41.920884
2.139592, 41.921522
2.139825, 41.921739
2.140153, 41.922019
2.140734, 41.922639
2.141104, 41.923229
2.141217, 41.923449
2.141447, 41.923875
2.141543, 41.924057
2.142195, 41.925196
2.142541, 41.925598
2.142966, 41.926042
2.143479, 41.926502
2.143974, 41.926911
2.144820, 41.927588
2.146344, 41.928808
2.147311, 41.929468
2.149223, 41.930773
2.149908, 41.931345
2.150679, 41.931762
2.153067, 41.932615
2.154514, 41.932909
2.156083, 41.933062
2.158793, 41.932984
2.159293, 41.932914
2.160152, 41.932836
2.161828, 41.932530
2.164194, 41.932474
2.165859, 41.932667
2.167409, 41.933054
2.168473, 41.933414
2.170161, 41.934141
2.172118, 41.935149
2.173475, 41.935776
2.174596, 41.936219
2.176763, 41.936767
2.177700, 41.936835
2.178666, 41.936885
2.179812, 41.936827
2.182370, 41.936341
2.184394, 41.935577
2.186116, 41.934810
2.187721, 41.934209
2.189568, 41.933840
2.189773, 41.933827
2.191991, 41.933690
2.196032, 41.933742
2.198530, 41.933775
2.199970, 41.933582
2.202508, 41.932999
2.204854, 41.932686
2.206100, 41.932565
2.207474, 41.932560
2.208289, 41.932667
2.208510, 41.932730
2.209009, 41.933069
2.209334, 41.933386
2.209800, 41.933688
2.210480, 41.933925
2.211151, 41.933941
2.212263, 41.933650
2.212941, 41.933147
2.213172, 41.932882
2.213387, 41.932705
2.213601, 41.932508
2.214845, 41.931363
2.215113, 41.931262
2.215459, 41.931131
2.218621, 41.930233
2.221739, 41.929443
2.223898, 41.928763
2.227089, 41.928008
2.229300, 41.927736
2.229705, 41.927720
2.231485, 41.927292
2.232324, 41.927248
2.232637, 41.927230
2.235809, 41.927177
2.239474, 41.927269
2.239578, 41.927265
2.240087, 41.927246
2.240351, 41.927255
2.240431, 41.927293
2.240515, 41.927316
2.240693, 41.927328
2.240721, 41.927329
2.241072, 41.927326
2.242049, 41.927391
2.242165, 41.927399
2.243676, 41.927525
2.244899, 41.927627
2.244916, 41.927581
2.244960, 41.927543
2.245023, 41.927499
2.245090, 41.927477
2.245163, 41.927484
2.245229, 41.927506
2.245282, 41.927535
2.245311, 41.927586
2.245313, 41.927659
2.246004, 41.927742
2.246870, 41.927869
2.248204, 41.928011
2.248888, 41.928070
2.248943, 41.928021
2.248997, 41.928003
2.249092, 41.928004
2.249084, 41.927321
2.250130, 41.927328
2.250560, 41.927310
2.250668, 41.927247
2.251413, 41.927346
2.251644, 41.927191
2.251870, 41.927358
2.252480, 41.927857
2.252409, 41.928088
2.252642, 41.928136
2.252976, 41.928218
2.253603, 41.928308
2.254116, 41.928375
2.254196, 41.928385
2.254784, 41.928447
2.254892, 41.928394
2.255116, 41.928373
2.255213, 41.928399
2.255239, 41.928610
2.255299, 41.928609
2.255662, 41.928756
2.256100, 41.928888
2.256326, 41.928880
2.256464, 41.928929
2.256713, 41.929001
2.257013, 41.929068
2.257089, 41.929098
2.257357, 41.929183
2.257802, 41.929279
2.258065, 41.929369
2.258590, 41.929529
2.258614, 41.929535
2.258785, 41.929368
2.260886, 41.928976
2.260888, 41.928941
2.260901, 41.928914
2.260930, 41.928886
2.260972, 41.928867
2.261019, 41.928861
2.261059, 41.928865
2.261110, 41.928885
2.261972, 41.928609
2.263064, 41.928258
2.263546, 41.928103
2.264136, 41.927914
2.264674, 41.927741
2.265059, 41.927575
2.265738, 41.927372
2.266167, 41.927256
2.267054, 41.927008
2.267215, 41.926962
2.267634, 41.926860
2.267628, 41.926826
2.267651, 41.926727
2.267705, 41.926665
2.267828, 41.926606
2.267928, 41.926596
2.268069, 41.926626
2.268114, 41.926651
2.268169, 41.926702
2.268301, 41.926599
2.268811, 41.926566
2.269234, 41.926554
2.270622, 41.926515
2.272640, 41.926458
2.272692, 41.926456
2.273195, 41.926454
2.274047, 41.926381
2.274382, 41.926352
2.275149, 41.926254
2.275135, 41.926152
2.276707, 41.925997
2.276659, 41.925792
2.278301, 41.925634
2.278611, 41.925904
2.279304, 41.925857
2.280269, 41.925791
2.281474, 41.925709
2.282948, 41.925391
2.283171, 41.925343
2.283400, 41.925294
2.283689, 41.925231
2.283990, 41.925212
2.284188, 41.925283
2.284307, 41.925327
2.285401, 41.925875
2.286055, 41.926203
2.287142, 41.926748
2.287758, 41.927057
2.288153, 41.927172
2.288347, 41.927179
2.288539, 41.927185
2.289397, 41.926994
2.290479, 41.927147
2.290796, 41.927338
2.291225, 41.927709
2.291620, 41.927868
2.291964, 41.927939
2.294367, 41.927568
2.294865, 41.927536
2.295096, 41.927561
2.295311, 41.927632
2.296679, 41.928234
2.297335, 41.928537
2.297660, 41.928651
2.298273, 41.928815
2.298553, 41.928849
2.299555, 41.928938
2.300039, 41.928966
2.300196, 41.928938
2.300371, 41.928864
2.300483, 41.928787
2.300605, 41.928731
2.300780, 41.928714
2.300910, 41.928710
2.301096, 41.928731
2.301208, 41.928773
2.301285, 41.928822
2.301428, 41.928938
2.301418, 41.928777
2.301491, 41.928542
2.301726, 41.927740
2.301898, 41.927155
2.302010, 41.926593
2.302438, 41.925268
2.302772, 41.923942
2.303775, 41.919673
2.305284, 41.916028
2.307405, 41.913588
2.309095, 41.912292
2.310727, 41.911394
2.313859, 41.909986
2.315773, 41.909111
2.318772, 41.907853
2.320513, 41.907288
2.322274, 41.906868
2.322764, 41.906729
2.324135, 41.906311
2.326222, 41.905838
2.330789, 41.904529
2.334902, 41.903050
2.338611, 41.901537
2.340707, 41.900405
2.342473, 41.899402
2.343942, 41.898249
2.345051, 41.896643
2.345946, 41.895471
2.347058, 41.894737
2.348513, 41.894155
2.350458, 41.893880
2.352005, 41.893532
2.354009, 41.892622
2.354420, 41.892427
2.354676, 41.892364
2.354979, 41.892294
2.355370, 41.892235
2.355705, 41.892194
2.356060, 41.892131
2.356365, 41.891994
2.356601, 41.891811
2.356757, 41.891735
2.357041, 41.891679
2.358113, 41.891485
2.358483, 41.891430
2.358766, 41.891408
2.359054, 41.891441
2.359672, 41.891455
2.360059, 41.891518
2.360232, 41.891550
2.361276, 41.891970
2.362220, 41.892573
2.364146, 41.894222
2.365401, 41.894894
2.366458, 41.895233
2.367281, 41.895431
2.367816, 41.895549
2.368828, 41.895624
2.369750, 41.895631
2.371098, 41.895524
2.372034, 41.895387
2.372891, 41.895202
2.374005, 41.894919
2.375192, 41.894539
2.376259, 41.894168
2.377303, 41.893729
2.378348, 41.893180
2.379249, 41.892541
2.380755, 41.891347
2.383011, 41.890259
2.384924, 41.888629
2.386037, 41.887908
2.387470, 41.887257
2.388814, 41.886494
2.389829, 41.885507
2.390309, 41.884377
2.391075, 41.883031
2.392798, 41.881912
2.395113, 41.881070
2.396447, 41.880681
2.397053, 41.880412
2.398395, 41.879573
2.399467, 41.878761
2.401588, 41.876446
2.401842, 41.876136
2.402144, 41.875861
2.402406, 41.875655
2.403916, 41.874664
2.404247, 41.874490
2.404683, 41.874263
2.405391, 41.873900
2.406159, 41.873494
2.406864, 41.872858
2.407644, 41.871724
2.407916, 41.870762
2.407998, 41.870589
2.408707, 41.869514
2.409358, 41.868968
2.410683, 41.868045
2.412635, 41.867039
2.415137, 41.866545
2.417557, 41.865619
2.419695, 41.864092
2.420688, 41.863333
2.421892, 41.862450
2.422395, 41.862043
2.423028, 41.861293
2.423595, 41.859876
2.424279, 41.857776
2.424722, 41.856830
2.425328, 41.856127
2.426194, 41.855493
2.427773, 41.854857
2.429430, 41.854429
2.429548, 41.854401
2.430171, 41.854263
2.432554, 41.853783
2.434511, 41.853553
2.435189, 41.853515
2.435919, 41.853476
2.437883, 41.853437
2.439721, 41.853355
2.440390, 41.853240
2.441730, 41.852920
2.443120, 41.852441
2.444177, 41.851996
2.444394, 41.851900
2.444656, 41.851795
2.445152, 41.851639
2.445683, 41.851532
2.446364, 41.851505
2.446941, 41.851561
2.447841, 41.851776
2.449549, 41.852281
2.450553, 41.852505
2.451626, 41.852569
2.452656, 41.852402
2.453505, 41.852033
2.454415, 41.851168
2.456390, 41.849328
2.457323, 41.848611
2.458501, 41.847908
2.459145, 41.847268
2.459640, 41.846511
2.460289, 41.845178
2.460921, 41.844640
2.462243, 41.843944
2.463762, 41.843502
2.465290, 41.843330
2.466878, 41.843400
2.467959, 41.843688
2.469161, 41.844251
2.474070, 41.848010
2.475690, 41.849753
2.477087, 41.851289
2.477924, 41.852153
2.479465, 41.852966
2.481152, 41.853412
2.482782, 41.853598
2.484319, 41.853566
2.486918, 41.853287
2.489684, 41.853032
2.491451, 41.852863
2.492576, 41.852665
2.495108, 41.851750
2.496112, 41.851492
2.497085, 41.851460
2.497709, 41.851494
2.498412, 41.851584
2.499246, 41.851827
2.500170, 41.852174
2.502004, 41.853449
2.503708, 41.854938
2.504158, 41.855482
2.504504, 41.855893
2.505721, 41.857336
2.505930, 41.857590
2.506404, 41.857992
2.507402, 41.858603
2.508240, 41.858853
2.509081, 41.858949
2.510016, 41.858930
2.510900, 41.858731
2.511767, 41.858348
2.512584, 41.857769
2.513089, 41.857216
2.513469, 41.856535
2.513716, 41.854717
2.514059, 41.853924
2.514660, 41.853087
2.515578, 41.852287
2.516634, 41.851622
2.517887, 41.850983
2.519432, 41.850408
2.521490, 41.849927
2.529682, 41.848621
2.537825, 41.848080
2.539079, 41.848100
2.540735, 41.848279
2.545216, 41.848330
2.546356, 41.848460
2.547757, 41.848628
2.549305, 41.848969
2.550626, 41.849331
2.552545, 41.849609
2.554005, 41.849928
2.555414, 41.850414
2.558569, 41.851039
2.559728, 41.851574
2.560695, 41.852268
2.561782, 41.853423
2.562931, 41.854160
2.564528, 41.854678
2.565412, 41.854819
2.567231, 41.854907
2.568754, 41.855317
2.570044, 41.856017
2.571073, 41.857131
2.572231, 41.858756
2.572999, 41.859505
2.573797, 41.859978
2.574675, 41.860312
2.576471, 41.860754
2.577292, 41.860986
2.577924, 41.861214
2.578665, 41.861526
2.579376, 41.861889
2.579932, 41.862191
2.581734, 41.863472
2.582011, 41.863688
2.582762, 41.864176
2.583632, 41.864562
2.584249, 41.864751
2.585040, 41.864926
2.586286, 41.865067
2.587882, 41.865274
2.589315, 41.865527
2.590511, 41.865942
2.592156, 41.867133
2.592654, 41.867962
2.592963, 41.868722
2.593172, 41.869853
2.593592, 41.870948
2.594500, 41.872109
2.595585, 41.872875
2.596654, 41.873330
2.597941, 41.873631
2.600041, 41.873884
2.605494, 41.874423
2.606894, 41.874573
2.610958, 41.874946
2.612043, 41.874909
2.613625, 41.874541
2.615138, 41.873825
2.616072, 41.873527
2.617451, 41.873337
2.618862, 41.873482
2.620497, 41.873958
2.622093, 41.874297
2.623252, 41.874452
2.624317, 41.874487
2.626995, 41.874487
2.628840, 41.874724
2.631975, 41.875733
2.633535, 41.876085
2.635784, 41.876328
2.636945, 41.876603
2.638488, 41.877350
2.639728, 41.878309
2.639949, 41.878579
2.640814, 41.879548
2.641592, 41.880190
2.642163, 41.880548
2.643394, 41.881026
2.644667, 41.881294
2.646568, 41.881784
2.647809, 41.882315
2.651423, 41.884870
2.652231, 41.885579
2.653142, 41.886795
2.653826, 41.888258
2.654495, 41.889102
2.655314, 41.889715
2.655921, 41.890070
2.656503, 41.890309
2.657004, 41.890496
2.657116, 41.890558
2.657796, 41.890757
2.657953, 41.890836
2.658059, 41.891005
2.658028, 41.891169
2.657843, 41.891320
2.657618, 41.891365
2.657392, 41.891338
2.656819, 41.890793
2.656602, 41.890677
2.656399, 41.890625
2.656209, 41.890552
2.656105, 41.890489
2.655904, 41.890856
2.655789, 41.891025
2.654251, 41.893006
2.653991, 41.893526
2.653860, 41.893906
2.653801, 41.894947
2.653825, 41.895361
2.653967, 41.895758
2.654382, 41.896332
2.654726, 41.896693
2.655970, 41.897514
2.657037, 41.897973
2.657763, 41.898294
2.658032, 41.898414
2.658625, 41.898828
2.659609, 41.899816
2.660225, 41.900408
2.660687, 41.901007
2.661486, 41.902240
2.662454, 41.903734
2.662736, 41.904689
2.662758, 41.905579
2.662345, 41.906501
2.662535, 41.906577
2.662654, 41.906572
2.662937, 41.906566
2.663156, 41.906595
2.663233, 41.906607
2.663339, 41.906560
2.663537, 41.906579
2.663885, 41.906719
2.664232, 41.906823
2.664601, 41.906948
2.665089, 41.907008
2.665754, 41.906993
2.666131, 41.906919
2.666892, 41.906786
2.667424, 41.906690
2.667853, 41.906609
2.668326, 41.906439
2.668732, 41.906298
2.669057, 41.906320
2.669345, 41.906416
2.669634, 41.906646
2.669863, 41.906978
2.670166, 41.907200
2.670491, 41.907318
2.670823, 41.907384
2.671341, 41.907540
2.671843, 41.907798
2.672552, 41.908205
2.672907, 41.908323
2.673860, 41.908633
2.674348, 41.908803
2.674651, 41.908951
2.674991, 41.908995
2.675301, 41.908899
2.675759, 41.908545
2.676521, 41.908035
2.676934, 41.907931
2.677444, 41.907879
2.677688, 41.907953
2.678006, 41.908101
2.678161, 41.908264
2.678863, 41.909609
2.678981, 41.909801
2.679461, 41.909956
2.680134, 41.910082
2.680341, 41.910074
2.680555, 41.910000
2.680622, 41.909875
2.680599, 41.909756
2.680577, 41.909616
2.680577, 41.909461
2.680696, 41.909306
2.681723, 41.908848
2.682299, 41.908722
2.682558, 41.908567
2.682809, 41.908345
2.683296, 41.908079
2.684560, 41.907325
2.684915, 41.907133
2.685395, 41.906963
2.685986, 41.906801
2.686363, 41.906749
2.686673, 41.906749
2.687183, 41.906719
2.687354, 41.906688
2.687590, 41.906646
2.688181, 41.906623
2.688388, 41.906638
2.688624, 41.906719
2.690442, 41.907724
2.690671, 41.907850
2.690959, 41.907894
2.691647, 41.907872
2.692097, 41.908027
2.692378, 41.908197
2.692408, 41.908404
2.692452, 41.908663
2.692555, 41.908796
2.692762, 41.908929
2.693206, 41.909106
2.693597, 41.909224
2.694255, 41.909306
2.695105, 41.909409
2.697166, 41.909594
2.697418, 41.909720
2.697728, 41.909838
2.698312, 41.909963
2.698762, 41.909993
2.699198, 41.910104
2.699989, 41.910436
2.701134, 41.910806
2.701763, 41.910953
2.702383, 41.911116
2.702745, 41.911249
2.703026, 41.911264
2.703366, 41.911242
2.703824, 41.911138
2.704334, 41.911264
2.704925, 41.911397
2.705738, 41.911559
2.706410, 41.911656
2.706898, 41.911707
2.707622, 41.911833
2.708036, 41.911914
2.708487, 41.912040
2.709048, 41.912195
2.709521, 41.912320
2.710541, 41.912616
2.711258, 41.912779
2.713105, 41.913584
2.713755, 41.913887
2.714288, 41.914220
2.714457, 41.914301
2.714687, 41.914367
2.714975, 41.914390
2.715285, 41.914375
2.715669, 41.914286
2.717635, 41.913488
2.718100, 41.913340
2.718655, 41.913207
2.719061, 41.913096
2.719349, 41.913089
2.719889, 41.913178
2.720096, 41.913156
2.720347, 41.913119
2.720657, 41.913037
2.720960, 41.913015
2.721337, 41.912978
2.721593, 41.912975
2.721943, 41.912971
2.722719, 41.913037
2.723110, 41.913082
2.723406, 41.913156
2.723716, 41.913303
2.724670, 41.913732
2.725009, 41.913902
2.725349, 41.914227
2.725482, 41.914367
2.725541, 41.914463
2.725615, 41.914574
2.725726, 41.914619
2.725889, 41.914641
2.726074, 41.914656
2.726258, 41.914604
2.726472, 41.914493
2.726657, 41.914397
2.726894, 41.914279
2.727263, 41.914087
2.727455, 41.913902
2.727566, 41.913784
2.727731, 41.913709
2.728463, 41.913855
2.728571, 41.913846
2.729677, 41.913340
2.729960, 41.913126
2.730241, 41.912963
2.730581, 41.912899
2.731870, 41.912948
2.732430, 41.912962
2.732425, 41.913017
2.731986, 41.917756
2.731832, 41.919808
2.731764, 41.920301
2.731611, 41.920727
2.730726, 41.922105
2.730641, 41.922361
2.730607, 41.923399
2.730641, 41.923671
2.730828, 41.924029
2.732377, 41.926871
2.732785, 41.927484
2.733109, 41.927943
2.733534, 41.928386
2.734215, 41.928931
2.734555, 41.929152
2.735185, 41.929424
2.735730, 41.929577
2.737704, 41.929748
2.738538, 41.929901
2.739304, 41.930275
2.739985, 41.931126
2.740376, 41.931484
2.740666, 41.931637
2.741261, 41.931773
2.742373, 41.931823
2.743304, 41.931637
2.744114, 41.931707
2.744870, 41.931773
2.745380, 41.931909
2.746980, 41.932845
2.747848, 41.933288
2.752410, 41.934292
2.752954, 41.934445
2.760820, 41.937054
2.762246, 41.937527
2.763284, 41.937923
2.764095, 41.938233
2.765141, 41.938632
2.765225, 41.938675
2.765280, 41.938717
2.765420, 41.938726
2.765481, 41.938693
2.765493, 41.938669
2.765804, 41.938563
2.766331, 41.938540
2.779366, 41.937974
2.780251, 41.938062
2.780953, 41.938377
2.782593, 41.939400
2.782793, 41.939325
2.783020, 41.939333
2.783186, 41.939406
2.783290, 41.939515
2.783322, 41.939697
2.783239, 41.939844
2.787397, 41.942669
2.787841, 41.942996
2.787744, 41.943074
2.787739, 41.943173
2.787801, 41.943243
2.787920, 41.943277
2.787849, 41.943441
2.787765, 41.943650
2.787422, 41.944575
2.787272, 41.945342
2.787325, 41.945804
2.787739, 41.946142
2.788257, 41.946382
2.788962, 41.946583
2.789302, 41.946699
2.789593, 41.946842
2.789994, 41.947217
2.791775, 41.948972
2.792061, 41.949253
2.793079, 41.950287
2.793133, 41.950342
2.794996, 41.952234
2.795145, 41.952414
2.795230, 41.952390
2.795345, 41.952358
2.795589, 41.952478
2.795538, 41.952708
2.795598, 41.952779
2.795760, 41.952982
2.796058, 41.953297
2.796664, 41.953893
2.796736, 41.953963
2.798055, 41.955259
2.798725, 41.955918
2.799009, 41.956233
2.799038, 41.956266
2.799273, 41.956299
2.799373, 41.956425
2.799281, 41.956550
2.800533, 41.957681
2.800506, 41.957698
2.800475, 41.957725
2.800450, 41.957755
2.800431, 41.957788
2.800419, 41.957822
2.800415, 41.957857
2.800418, 41.957893
2.800427, 41.957927
2.800445, 41.957962
2.800471, 41.957994
2.800503, 41.958023
2.800541, 41.958048
2.800583, 41.958068
2.800629, 41.958082
2.800676, 41.958090
2.800724, 41.958093
2.800772, 41.958090
2.800818, 41.958082
2.800863, 41.958069
2.800904, 41.958050
2.801040, 41.958178
2.801453, 41.958584
2.801538, 41.958667
2.801614, 41.958743
2.801953, 41.959076
2.802066, 41.959187
2.802186, 41.959305
2.802224, 41.959343
2.802336, 41.959461
2.802438, 41.959569
2.802396, 41.959597
2.802360, 41.959629
2.802331, 41.959665
2.802309, 41.959704
2.802295, 41.959745
2.802289, 41.959788
2.802292, 41.959832
2.802303, 41.959875
2.802321, 41.959911
2.802344, 41.959945
2.802374, 41.959977
2.802408, 41.960005
2.802448, 41.960030
2.802500, 41.960054
2.802556, 41.960071
2.802615, 41.960082
2.802676, 41.960086
2.802745, 41.960083
2.802770, 41.960077
2.802812, 41.960068
2.802856, 41.960053
2.802897, 41.960034
2.802995, 41.960139
2.803040, 41.960184
2.803125, 41.960347
2.803167, 41.960504
2.805825, 41.963149
2.806839, 41.964161
2.807115, 41.964447
2.807317, 41.964692
2.807485, 41.964980
2.807545, 41.965127
2.807516, 41.965241
2.807481, 41.965286
2.807456, 41.965336
2.807442, 41.965387
2.807440, 41.965441
2.807449, 41.965492
2.807468, 41.965542
2.807499, 41.965590
2.807519, 41.965613
2.807541, 41.965634
2.807592, 41.965672
2.807648, 41.965702
2.807709, 41.965725
2.807775, 41.965741
2.807844, 41.965748
2.807878, 41.965749
2.807941, 41.965746
2.807951, 41.965915
2.807963, 41.965955
2.807977, 41.966252
2.807968, 41.966358
2.807854, 41.967224
2.807843, 41.967445
2.807849, 41.967624
2.807850, 41.967649
2.807851, 41.967670
2.807866, 41.967873
2.807910, 41.968102
2.808016, 41.968457
2.808125, 41.968799
2.808308, 41.969350
2.808450, 41.969793
2.808512, 41.969988
2.808619, 41.970306
2.808656, 41.970428
2.808680, 41.970535
2.808700, 41.970657
2.808712, 41.970750
2.808716, 41.970838
2.808717, 41.970894
2.808660, 41.970899
2.808597, 41.970914
2.808549, 41.970934
2.808520, 41.970951
2.808484, 41.970979
2.808457, 41.971007
2.808442, 41.971028
2.808430, 41.971052
2.808421, 41.971079
2.808416, 41.971111
2.808417, 41.971143
2.808422, 41.971170
2.808432, 41.971195
2.808445, 41.971221
2.808459, 41.971240
2.808474, 41.971257
2.808495, 41.971277
2.808503, 41.971282
2.808529, 41.971299
2.808563, 41.971317
2.808595, 41.971330
2.808597, 41.971400
2.808592, 41.971472
2.808573, 41.971690
2.808542, 41.971936
2.808489, 41.972520
2.808493, 41.972792
2.808493, 41.972986
2.808495, 41.973319
2.808513, 41.973448
2.808547, 41.973550
2.808566, 41.973620
2.808582, 41.973656
2.808612, 41.973731
2.808675, 41.973846
2.808894, 41.974273
2.808975, 41.974420
2.809054, 41.974592
2.809112, 41.974715
2.809153, 41.974833
2.809176, 41.974910
2.809194, 41.974995
2.809241, 41.975284
2.809272, 41.975499
2.809301, 41.975696
2.809321, 41.975828
2.809344, 41.975929
2.809403, 41.976049
2.809546, 41.976304
2.809599, 41.976384
2.809651, 41.976464
2.809692, 41.976507
2.809704, 41.976549
2.809728, 41.976587
2.809736, 41.976600
2.809754, 41.976630
2.809805, 41.976712
2.809817, 41.976735
2.809925, 41.976935
2.810010, 41.977121
2.810041, 41.977188
2.810071, 41.977253
2.810192, 41.977546
2.810282, 41.977763
2.810292, 41.977791
2.810492, 41.978271
2.810529, 41.978351
2.810548, 41.978391
2.810560, 41.978415
2.810579, 41.978448
2.810623, 41.978559
2.810645, 41.978624
2.810698, 41.978784
2.810745, 41.978917
2.810796, 41.978898
2.810859, 41.978895
2.810913, 41.978903
2.810964, 41.978916
2.811010, 41.978943
2.811048, 41.978986
2.811057, 41.979031
2.811065, 41.979077
2.811296, 41.979173
2.811478, 41.979248
2.811599, 41.979297
2.811662, 41.979322
2.812468, 41.979639
2.812651, 41.979715
2.812726, 41.979745
2.812787, 41.979770
2.812964, 41.979843
2.813045, 41.979876
2.813133, 41.979913
2.813258, 41.979973
2.813333, 41.980004
2.813404, 41.980033
2.814084, 41.980313
2.814151, 41.980341
2.814219, 41.980370
2.814274, 41.980395
2.814339, 41.980424
2.814998, 41.980692
2.815051, 41.980714
2.815154, 41.980757
2.815505, 41.980894
2.815671, 41.980962
2.815712, 41.980978
2.815873, 41.981046
2.815942, 41.981077
2.816607, 41.981347
2.816949, 41.981484
2.817050, 41.981527
2.817138, 41.981565
2.817512, 41.981718
2.817614, 41.981762
2.817724, 41.981809
2.817875, 41.981871
2.818084, 41.981956
2.818724, 41.982215
2.818858, 41.982259
2.818937, 41.982293
2.819058, 41.982345
2.819196, 41.982404
2.819421, 41.982505
2.819667, 41.982599
2.819853, 41.982674
2.819866, 41.982623
2.819888, 41.982531
2.819914, 41.982406
2.819924, 41.982350
2.820087, 41.982354
2.820654, 41.982385
2.820730, 41.982389
2.820809, 41.982393
2.820890, 41.982397
2.821458, 41.982428
2.821709, 41.982439
2.821808, 41.982431
2.821953, 41.982407
2.821991, 41.982400
2.822620, 41.982263
2.822703, 41.982245
2.822727, 41.982339
